{
  "2025-06-23": {
    "morning": {
      "time": "08:00",
      "title": "Что такое DevOps? Принципы и цели",
      "tasks": [
        "Посмотри видео: https://youtu.be/0yWAtQ6wYNM",
        "Прочитай: https://habr.com/ru/articles/724336/"
      ]
    },
    "afternoon": {
      "time": "15:00",
      "title": "Практика и закрепление: Что такое DevOps? Принципы и цели",
      "tasks": [
        "Повтори материал",
        "Ответь на 3 вопроса по теме",
        "Запиши краткий конспект"
      ]
    }
  },
  "2025-06-24": {
    "morning": {
      "time": "08:00",
      "title": "DevOps-стек технологий",
      "tasks": [
        "Прочитай: https://tproger.ru/articles/chto-takoe-devops"
      ]
    },
    "afternoon": {
      "time": "15:00",
      "title": "Практика и закрепление: DevOps-стек технологий",
      "tasks": [
        "Повтори материал",
        "Ответь на 3 вопроса по теме",
        "Запиши краткий конспект"
      ]
    }
  },
  "2025-06-25": {
    "morning": {
      "time": "08:00",
      "title": "Жизненный цикл ПО и роль DevOps",
      "tasks": [
        "Схема: https://roadmap.sh/devops"
      ]
    },
    "afternoon": {
      "time": "15:00",
      "title": "Практика и закрепление: Жизненный цикл ПО и роль DevOps",
      "tasks": [
        "Повтори материал",
        "Ответь на 3 вопроса по теме",
        "Запиши краткий конспект"
      ]
    }
  },
  "2025-06-26": {
    "morning": {
      "time": "08:00",
      "title": "Обзор профессий в DevOps",
      "tasks": [
        "Изучи: https://skillbox.ru/media/code/kto_takie_devops_inzhenery/"
      ]
    },
    "afternoon": {
      "time": "15:00",
      "title": "Практика и закрепление: Обзор профессий в DevOps",
      "tasks": [
        "Повтори материал",
        "Ответь на 3 вопроса по теме",
        "Запиши краткий конспект"
      ]
    }
  },
  "2025-06-27": {
    "morning": {
      "time": "08:00",
      "title": "Обзор инструментов DevOps",
      "tasks": [
        "Посмотри: https://youtu.be/aVJ8dGZBdN0"
      ]
    },
    "afternoon": {
      "time": "15:00",
      "title": "Практика и закрепление: Обзор инструментов DevOps",
      "tasks": [
        "Повтори материал",
        "Ответь на 3 вопроса по теме",
        "Запиши краткий конспект"
      ]
    }
  },
  "2025-06-30": {
    "morning": {
      "time": "08:00",
      "title": "Навигация по Linux: pwd, ls, cd",
      "tasks": [
        "Видео: https://youtu.be/H3auZ7CPT3Y"
      ]
    },
    "afternoon": {
      "time": "15:00",
      "title": "Практика и закрепление: Навигация по Linux: pwd, ls, cd",
      "tasks": [
        "Повтори материал",
        "Ответь на 3 вопроса по теме",
        "Запиши краткий конспект"
      ]
    }
  },
  "2025-07-01": {
    "morning": {
      "time": "08:00",
      "title": "Файловые операции: cp, mv, rm",
      "tasks": [
        "Документация: https://linux.die.net/man/1"
      ]
    },
    "afternoon": {
      "time": "15:00",
      "title": "Практика и закрепление: Файловые операции: cp, mv, rm",
      "tasks": [
        "Повтори материал",
        "Ответь на 3 вопроса по теме",
        "Запиши краткий конспект"
      ]
    }
  },
  "2025-07-02": {
    "morning": {
      "time": "08:00",
      "title": "Права доступа: chmod, chown",
      "tasks": [
        "Статья: https://habr.com/ru/articles/440436/"
      ]
    },
    "afternoon": {
      "time": "15:00",
      "title": "Практика и закрепление: Права доступа: chmod, chown",
      "tasks": [
        "Повтори материал",
        "Ответь на 3 вопроса по теме",
        "Запиши краткий конспект"
      ]
    }
  },
  "2025-07-03": {
    "morning": {
      "time": "08:00",
      "title": "Работа с редакторами: nano, vim",
      "tasks": [
        "Видео по Vim: https://youtu.be/k9RF1j2k9A4"
      ]
    },
    "afternoon": {
      "time": "15:00",
      "title": "Практика и закрепление: Работа с редакторами: nano, vim",
      "tasks": [
        "Повтори материал",
        "Ответь на 3 вопроса по теме",
        "Запиши краткий конспект"
      ]
    }
  },
  "2025-07-04": {
    "morning": {
      "time": "08:00",
      "title": "Управление пакетами: apt, yum",
      "tasks": [
        "Кратко: https://losst.pro/osnovnye-komandy-linux"
      ]
    },
    "afternoon": {
      "time": "15:00",
      "title": "Практика и закрепление: Управление пакетами: apt, yum",
      "tasks": [
        "Повтори материал",
        "Ответь на 3 вопроса по теме",
        "Запиши краткий конспект"
      ]
    }
  }
}